ACK62260 (2шт);64345;Встраиваемая техника;Аксессуары;Доп. Принадлежность;старая модель
ACK63268;64343;Встраиваемая техника;Аксессуары;Доп. Принадлежность;старая модель
ACK72164;64344;Встраиваемая техника;Аксессуары;Доп. Принадлежность;старая модель
HG 455 CTGRN;104300;Встраиваемая техника;варочная поверхность;газовая;
HG 455 CTRC;104299;Встраиваемая техника;варочная поверхность;газовая;
HG 455 CTRI;104298;Встраиваемая техника;варочная поверхность;газовая;
HG 455 CTRN;104297;Встраиваемая техника;варочная поверхность;газовая;
HG 6105 CTRA;87258;Встраиваемая техника;варочная поверхность;газовая;
HG 6105 CTRC;87257;Встраиваемая техника;варочная поверхность;газовая;
HG 6105 CTRI;87256;Встраиваемая техника;варочная поверхность;газовая;
HG 6105 CTRN;87254;Встраиваемая техника;варочная поверхность;газовая;
HG 6105 CTRR;87255;Встраиваемая техника;варочная поверхность;газовая;
HG 630 CTN;87904;Встраиваемая техника;варочная поверхность;газовая;
HG 630 CTSB;136521;Встраиваемая техника;варочная поверхность;газовая;
HG 630 CTSC;87897;Встраиваемая техника;варочная поверхность;газовая;
HG 630 CTSI;87894;Встраиваемая техника;варочная поверхность;газовая;
HG 630 CTSN;87891;Встраиваемая техника;варочная поверхность;газовая;
HG 630 CTX;87901;Встраиваемая техника;варочная поверхность;газовая;
HG 640 CRC;87131;Встраиваемая техника;варочная поверхность;газовая;не поставляется
HG 640 CRI;87130;Встраиваемая техника;варочная поверхность;газовая;не поставляется
HG 640 CRN;67085;Встраиваемая техника;варочная поверхность;газовая;не поставляется
HG 640 CX;67089;Встраиваемая техника;варочная поверхность;газовая;не поставляется
HG 650 CTRC;67083;Встраиваемая техника;варочная поверхность;газовая;не поставляется
HG 650 CTRC .1;84829;Встраиваемая техника;варочная поверхность;газовая;не поставляется
HG 650 CTRI;67082;Встраиваемая техника;варочная поверхность;газовая;не поставляется
HG 650 CTRN;67074;Встраиваемая техника;варочная поверхность;газовая;не поставляется
HG 650 CTRN .1;84830;Встраиваемая техника;варочная поверхность;газовая;не поставляется
HG 650 CTX;67088;Встраиваемая техника;варочная поверхность;газовая;не поставляется
HG 650 CTX .1;84831;Встраиваемая техника;варочная поверхность;газовая;не поставляется
HG 655 CTGRI;104302;Встраиваемая техника;варочная поверхность;газовая;
HG 655 CTGRN;104301;Встраиваемая техника;варочная поверхность;газовая;
HG 655 CTRC;104296;Встраиваемая техника;варочная поверхность;газовая;
HG 655 CTRI;104306;Встраиваемая техника;варочная поверхность;газовая;
HG 655 CTRN;104307;Встраиваемая техника;варочная поверхность;газовая;
HG 675 CN;81992;Встраиваемая техника;варочная поверхность;газовая;
HG 675 CW;81993;Встраиваемая техника;варочная поверхность;газовая;
HG 675 CX;81995;Встраиваемая техника;варочная поверхность;газовая;
HG 675 X;81996;Встраиваемая техника;варочная поверхность;газовая;
HG 685 CTX;133591;Встраиваемая техника;варочная поверхность;газовая;
HG 685 CX;133590;Встраиваемая техника;варочная поверхность;газовая;
HG 695 CTN;82000;Встраиваемая техника;варочная поверхность;газовая;
HG 695 CTW;135571;Встраиваемая техника;варочная поверхность;газовая;
HG 695 CTX;82001;Встраиваемая техника;варочная поверхность;газовая;
HG 695 CX;81991;Встраиваемая техника;варочная поверхность;газовая;
HG 7105 CTRC;87262;Встраиваемая техника;варочная поверхность;газовая;
HG 7105 CTRI;87261;Встраиваемая техника;варочная поверхность;газовая;
HG 7105 CTRN;87259;Встраиваемая техника;варочная поверхность;газовая;
HG 7105 CTRR;87260;Встраиваемая техника;варочная поверхность;газовая;
HG 985 CTX;133592;Встраиваемая техника;варочная поверхность;газовая;
HG 995 CTX;81994;Встраиваемая техника;варочная поверхность;газовая;
HGG 382 CN;87767;Встраиваемая техника;варочная поверхность;газовая;
HGG 382 CTN;87061;Встраиваемая техника;варочная поверхность;газовая;старая модель
HGG 385 CTN;87062;Встраиваемая техника;варочная поверхность;газовая;
HGG 645 N;87765;Встраиваемая техника;варочная поверхность;газовая;
HGG 645 W;87766;Встраиваемая техника;варочная поверхность;газовая;
HGG 685 CTN;87055;Встраиваемая техника;варочная поверхность;газовая;
HGG 685 CTW;87058;Встраиваемая техника;варочная поверхность;газовая;
HGG 695 CTAN;87054;Встраиваемая техника;варочная поверхность;газовая;
HGG 785 CTN;87056;Встраиваемая техника;варочная поверхность;газовая;
HGG 785 CTW;87059;Встраиваемая техника;варочная поверхность;газовая;
HGG 985 CTN;87057;Встраиваемая техника;варочная поверхность;газовая;
HGG 985 CTW;87060;Встраиваемая техника;варочная поверхность;газовая;
HI 3200 B;86462;Встраиваемая техника;варочная поверхность;электрическая;
HI 6203B;67066;Встраиваемая техника;варочная поверхность;электрическая;
HI 6400 B;66867;Встраиваемая техника;варочная поверхность;электрическая;старая модель
HI 6400 BCH;136492;Встраиваемая техника;варочная поверхность;электрическая;
HI 6402 X;82116;Встраиваемая техника;варочная поверхность;электрическая;
HI 6405 B;116799;Встраиваемая техника;варочная поверхность;электрическая;
HI 6450 RI;136769;Встраиваемая техника;варочная поверхность;электрическая;
HK 3002 B;86460;Встраиваемая техника;варочная поверхность;электрическая;не поставляется
HK 3203 B;136493;Встраиваемая техника;варочная поверхность;электрическая;
HK 4103 B;86461;Встраиваемая техника;варочная поверхность;электрическая;
HK 6002 X;82115;Встраиваемая техника;варочная поверхность;электрическая;
HK 6203 X;66863;Встраиваемая техника;варочная поверхность;электрическая;
HK 6205 RN;136952;Встраиваемая техника;варочная поверхность;электрическая;
HK 6205 X;66864;Встраиваемая техника;варочная поверхность;электрическая;старая модель
HK 6305 B;66862;Встраиваемая техника;варочная поверхность;электрическая;
HK 6305 BX;66868;Встраиваемая техника;варочная поверхность;электрическая;
HK 6305 X;66865;Встраиваемая техника;варочная поверхность;электрическая;
HK 6355 B;135572;Встраиваемая техника;варочная поверхность;электрическая;
HK 6355 X;66866;Встраиваемая техника;варочная поверхность;электрическая;выводится из ассортимента
K 1322 X;130591;МБТ;Аксессуары;посуда;
K 2422 X;130592;МБТ;Аксессуары;посуда;
KACI09HG-S (IN) внутренний блок;63794;Климатическая техника;кондиционер;кондиционер настенный;
KACI09HG-S (OUT) внешний блок;64074;Климатическая техника;кондиционер;кондиционер настенный;
KACI12HG-S (IN) внутренний блок;63795;Климатическая техника;кондиционер;кондиционер настенный;
KACI12HG-S (OUT) внешний блок;64057;Климатическая техника;кондиционер;кондиционер настенный;
KACM09HT-S;63796;Климатическая техника;кондиционер;кондиционер мобильный;
KACM109HC-W;85433;Климатическая техника;кондиционер;кондиционер мобильный;
KACM112HC-W;85434;Климатическая техника;кондиционер;кондиционер мобильный;
KACM115HC-W;85435;Климатическая техника;кондиционер;кондиционер мобильный;
KACM12HT-S;63797;Климатическая техника;кондиционер;кондиционер мобильный;
KACS07HC-W (IN) внутренний блок;63783;Климатическая техника;кондиционер;кондиционер настенный;
KACS07HC-W (OUT) наружний блок;64046;Климатическая техника;кондиционер;кондиционер настенный;
KACS07HG-B (IN) внутренний блок;63792;Климатическая техника;кондиционер;кондиционер настенный;
KACS07HG-B (OUT) внешний блок;64055;Климатическая техника;кондиционер;кондиционер настенный;
KACS07HG-S (IN) внутренний блок;63788;Климатическая техника;кондиционер;кондиционер настенный;
KACS07HG-S (OUT) внешний блок;64051;Климатическая техника;кондиционер;кондиционер настенный;
KACS09HC-W (IN) внутренний блок;63784;Климатическая техника;кондиционер;кондиционер настенный;
KACS09HC-W (OUT) наружний блок;64047;Климатическая техника;кондиционер;кондиционер настенный;
KACS09HG-S (IN) внутренний блок;63789;Климатическая техника;кондиционер;кондиционер настенный;
KACS09HG-S (OUT) внешний блок;64052;Климатическая техника;кондиционер;кондиционер настенный;
KACS12HC-W (IN) внутренний блок;63785;Климатическая техника;кондиционер;кондиционер настенный;
KACS12HC-W (OUT) наружний блок;64048;Климатическая техника;кондиционер;кондиционер настенный;
KACS12HG-B (IN) внутренний блок;63793;Климатическая техника;кондиционер;кондиционер настенный;
KACS12HG-B (OUT) внешний блок;64056;Климатическая техника;кондиционер;кондиционер настенный;
KACS12HG-S (IN) внутренний блок;63790;Климатическая техника;кондиционер;кондиционер настенный;
KACS12HG-S (OUT) внешний блок;64053;Климатическая техника;кондиционер;кондиционер настенный;
KACS18HC-W (IN) внутренний блок;63786;Климатическая техника;кондиционер;кондиционер настенный;
KACS18HC-W (OUT) наружний блок;64049;Климатическая техника;кондиционер;кондиционер настенный;
KACS18HG-S (IN) внутренний блок;63791;Климатическая техника;кондиционер;кондиционер настенный;
KACS18HG-S (OUT) внешний блок;64054;Климатическая техника;кондиционер;кондиционер настенный;
KACS24HC-W (IN) внутренний блок;63787;Климатическая техника;кондиционер;кондиционер настенный;
KACS24HC-W (OUT) наружний блок;64050;Климатическая техника;кондиционер;кондиционер настенный;
KAP 800 N (черный);71621;Климатическая техника;воздухоочиститель;воздухоочиститель;
KAP 800 S (серо-голубой);71620;Климатическая техника;воздухоочиститель;воздухоочиститель;
KAP 800 W (белый);69425;Климатическая техника;воздухоочиститель;воздухоочиститель;
KAP 900 G;136326;Климатическая техника;воздухоочиститель;воздухоочиститель;
KAP 900 N;136327;Климатическая техника;воздухоочиститель;воздухоочиститель;
KCF518G-N (черный);69485;Климатическая техника;тепловентилятор;тепловентилятор;
KCF518G-R (красный);69484;Климатическая техника;тепловентилятор;тепловентилятор;
KCF518G-W (белый);69483;Климатическая техника;тепловентилятор;тепловентилятор;
KCF520A-G;69427;Климатическая техника;тепловентилятор;тепловентилятор;
KCF524TG-N (черный);69487;Климатическая техника;тепловентилятор;тепловентилятор;
KCF524TG-R (красный);69488;Климатическая техника;тепловентилятор;тепловентилятор;
KCF524TG-W (белый);69486;Климатическая техника;тепловентилятор;тепловентилятор;
KCF720TA-N;69428;Климатическая техника;тепловентилятор;тепловентилятор;
KCF720TS-N;69446;Климатическая техника;тепловентилятор;тепловентилятор;
KCF724TG-N (черный);69490;Климатическая техника;тепловентилятор;тепловентилятор;
KCF724TG-R (красный);69491;Климатическая техника;тепловентилятор;тепловентилятор;
KCF724TG-W (белый);69489;Климатическая техника;тепловентилятор;тепловентилятор;
KCH705K-W;69301;Климатическая техника;конвектор;конвектор;
KCH710K-W;69302;Климатическая техника;конвектор;конвектор;
KCH715K-W;69303;Климатическая техника;конвектор;конвектор;
KCH720K-W;69304;Климатическая техника;конвектор;конвектор;
KDF 2095N;65941;Крупно-Бытовая Техника;посудомоечная машина;отдельностоящая ;
KDF 2095W;87116;Крупно-Бытовая Техника;посудомоечная машина;встраиваемая;
KDI 4530;65938;Встраиваемая техника;посудомоечная машина;встраиваемая;
KDI 4550;87118;Встраиваемая техника;посудомоечная машина;встраиваемая;
KDI 4555;65940;Встраиваемая техника;посудомоечная машина;встраиваемая;старая модель
KDI 4565;116968;Встраиваемая техника;посудомоечная машина;встраиваемая;
KDI 6030;65939;Встраиваемая техника;посудомоечная машина;встраиваемая;
KDI 6045;116967;Встраиваемая техника;посудомоечная машина;встраиваемая;
KDI 6055;87117;Встраиваемая техника;посудомоечная машина;встраиваемая;старая модель
KDI 6075;116966;Встраиваемая техника;посудомоечная машина;встраиваемая;
KHA 9770X;86493;Встраиваемая техника;вытяжка;островная;
KHC 5430 X;63913;Встраиваемая техника;вытяжка;навесная;
KHC 61080 GN;88054;Встраиваемая техника;вытяжка;навесная;
KHC 61080 GW;88055;Встраиваемая техника;вытяжка;навесная;
KHC 61090 GN;88059;Встраиваемая техника;вытяжка;навесная;
KHC 61090 GW;88060;Встраиваемая техника;вытяжка;навесная;
KHC 6430 N;63915;Встраиваемая техника;вытяжка;навесная;
KHC 6430 W;63914;Встраиваемая техника;вытяжка;навесная;
KHC 6430 X;63916;Встраиваемая техника;вытяжка;навесная;
KHC 6672 X;88052;Встраиваемая техника;вытяжка;навесная;
KHC 6730 X;63921;Встраиваемая техника;вытяжка;навесная;
KHC 6731 X;63924;Встраиваемая техника;вытяжка;навесная;
KHC 6750 X;63922;Встраиваемая техника;вытяжка;навесная;
KHC 6751 X;63923;Встраиваемая техника;вытяжка;навесная;
KHC 6770 X;63919;Встраиваемая техника;вытяжка;навесная;
KHC 6930 RC;86274;Встраиваемая техника;вытяжка;навесная;
KHC 6930 RI;86272;Встраиваемая техника;вытяжка;навесная;
KHC 6930 RN;86273;Встраиваемая техника;вытяжка;навесная;
KHC 6930 X;63939;Встраиваемая техника;вытяжка;навесная;
KHC 6951 X;63926;Встраиваемая техника;вытяжка;навесная;
KHC 6954 X;63930;Встраиваемая техника;вытяжка;навесная;
KHC 6956 X;63908;Встраиваемая техника;вытяжка;навесная;
KHC 6957 X;63910;Встраиваемая техника;вытяжка;навесная;
KHC 6958 X;63917;Встраиваемая техника;вытяжка;навесная;
KHC 6971 X;63940;Встраиваемая техника;вытяжка;навесная;
KHC 6972 X;63942;Встраиваемая техника;вытяжка;навесная;
KHC 6973 X;86270;Встраиваемая техника;вытяжка;навесная;
KHC 91080 GN;88056;Встраиваемая техника;вытяжка;навесная;
KHC 91080 GW;88057;Встраиваемая техника;вытяжка;навесная;
KHC 91081 X;88058;Встраиваемая техника;вытяжка;навесная;
KHC 91090 GN;88061;Встраиваемая техника;вытяжка;навесная;
KHC 91090 GW;88062;Встраиваемая техника;вытяжка;навесная;
KHC 9672 X;88053;Встраиваемая техника;вытяжка;навесная;
KHC 9770 X;63920;Встраиваемая техника;вытяжка;навесная;
KHC 9951 X;63927;Встраиваемая техника;вытяжка;навесная;
KHC 9954 X;63931;Встраиваемая техника;вытяжка;навесная;
KHC 9956 X;63909;Встраиваемая техника;вытяжка;навесная;
KHC 9957 X;63911;Встраиваемая техника;вытяжка;навесная;
KHC 9958 X;63918;Встраиваемая техника;вытяжка;навесная;
KHC 9959 X;63912;Встраиваемая техника;вытяжка;навесная;
KHC 9971 X;63941;Встраиваемая техника;вытяжка;навесная;
KHC 9972 X;63943;Встраиваемая техника;вытяжка;навесная;
KHC 9973 X;86271;Встраиваемая техника;вытяжка;навесная;
KHI 6410 X;63925;Встраиваемая техника;вытяжка;полностью встраиваемая;
KHI 6750 X;63928;Встраиваемая техника;вытяжка;полностью встраиваемая;старая модель
KHI 6751 X;70440;Встраиваемая техника;вытяжка;полностью встраиваемая;
KHI 9750 X;63929;Встраиваемая техника;вытяжка;полностью встраиваемая;старая модель
KHI 9751 X;70441;Встраиваемая техника;вытяжка;полностью встраиваемая;
KHP 5210 X;63932;Встраиваемая техника;вытяжка;встраиваемая с выдвижным экраном;старая модель
KHP 5211 X;85975;Встраиваемая техника;вытяжка;встраиваемая с выдвижным экраном;
KHP 6210 X;63934;Встраиваемая техника;вытяжка;встраиваемая с выдвижным экраном;старая модель
KHP 6211 GN;87748;Встраиваемая техника;вытяжка;встраиваемая с выдвижным экраном;
KHP 6211 GW;87749;Встраиваемая техника;вытяжка;встраиваемая с выдвижным экраном;
KHP 6211 X;85974;Встраиваемая техника;вытяжка;встраиваемая с выдвижным экраном;
KHP 6310 X;63935;Встраиваемая техника;вытяжка;встраиваемая с выдвижным экраном;старая модель
KHP 6311 X;63936;Встраиваемая техника;вытяжка;встраиваемая с выдвижным экраном;старая модель
KHP 6312N;85373;Встраиваемая техника;вытяжка;встраиваемая с выдвижным экраном;
KHP 6312X;85372;Встраиваемая техника;вытяжка;встраиваемая с выдвижным экраном;
KHP 6710 X;63937;Встраиваемая техника;вытяжка;встраиваемая с выдвижным экраном;старая модель
KHP 6711X;85842;Встраиваемая техника;вытяжка;встраиваемая с выдвижным экраном;
KHP 6770 X;63938;Встраиваемая техника;вытяжка;встраиваемая с выдвижным экраном;старая модель
KHP 6771 GN;87477;Встраиваемая техника;вытяжка;встраиваемая с выдвижным экраном;
KHP 6771 GW;87478;Встраиваемая техника;вытяжка;встраиваемая с выдвижным экраном;
KHP 6771 X;70442;Встраиваемая техника;вытяжка;встраиваемая с выдвижным экраном;
KHP 6880 GN;130595;Встраиваемая техника;вытяжка;встраиваемая с выдвижным экраном;
KHP 6880 GW;130596;Встраиваемая техника;вытяжка;встраиваемая с выдвижным экраном;
KHT 5210 W;63953;Встраиваемая техника;вытяжка;козырьковая;старая модель
KHT 5210 X;63952;Встраиваемая техника;вытяжка;козырьковая;старая модель
KHT 5230 B;63946;Встраиваемая техника;вытяжка;козырьковая;
KHT 5230 W;63945;Встраиваемая техника;вытяжка;козырьковая;
KHT 5230 X;63944;Встраиваемая техника;вытяжка;козырьковая;
KHT 6210 W;63955;Встраиваемая техника;вытяжка;козырьковая;старая модель
KHT 6210 X;63954;Встраиваемая техника;вытяжка;козырьковая;старая модель
KHT 6230 W;63948;Встраиваемая техника;вытяжка;козырьковая;
KHT 6230 X;63947;Встраиваемая техника;вытяжка;козырьковая;
KHT 6330 W;63951;Встраиваемая техника;вытяжка;козырьковая;
KHT 6330 X;63949;Встраиваемая техника;вытяжка;козырьковая;
KIT 0264 (2 фильтра в комплекте);69701;Встраиваемая техника;Аксессуары;фильтр для вытяжки;
KIT 0265 (1 фильтр в комплекте);69702;Встраиваемая техника;Аксессуары;фильтр для вытяжки;
KIT 0266 (ACK72164) (2 фильтра в комплекте);69703;Встраиваемая техника;Аксессуары;фильтр для вытяжки;
KIT 0268;88065;Встраиваемая техника;Аксессуары;фильтр для вытяжки;
KIT KAP800 Antibacteria;82816;Климатическая техника;Аксессуары;фильтр для вытяжки;
KIT KAP800 Carbo;82814;Климатическая техника;Аксессуары;фильтр для вытяжки;
KIT KAP800 HEPA;82815;Климатическая техника;Аксессуары;фильтр для вытяжки;
KIT KAP800 Mechanical;83465;Климатическая техника;Аксессуары;фильтр для вытяжки;не поставляется
KMI 720 X;87659;Встраиваемая техника;СВЧ-печь;встраиваемая;
KMI 825 XN;87662;Встраиваемая техника;СВЧ-печь;встраиваемая;
KMI 925 CX;87430;Встраиваемая техника;СВЧ-печь;встраиваемая;
KMO 720 X;87661;МБТ;СВЧ-печь;отдельностоящая ;
KMO 823 XN;87660;МБТ;СВЧ-печь;отдельностоящая ;
KOH510FH-LG;69456;Климатическая техника;обогреватель масляный;обогреватель масляный;
KOH510FH-MG;69479;Климатическая техника;обогреватель масляный;обогреватель масляный;не поставляется
KOH510H-LG;69452;Климатическая техника;обогреватель масляный;обогреватель масляный;
KOH510H-MG;69475;Климатическая техника;обогреватель масляный;обогреватель масляный;не поставляется
KOH515FH-LG;69457;Климатическая техника;обогреватель масляный;обогреватель масляный;
KOH515FH-MG;69480;Климатическая техника;обогреватель масляный;обогреватель масляный;
KOH515H-LG;69453;Климатическая техника;обогреватель масляный;обогреватель масляный;
KOH515H-MG;69476;Климатическая техника;обогреватель масляный;обогреватель масляный;
KOH520FH-LG;69458;Климатическая техника;обогреватель масляный;обогреватель масляный;
KOH520FH-MG;69481;Климатическая техника;обогреватель масляный;обогреватель масляный;
KOH520H-LG;69454;Климатическая техника;обогреватель масляный;обогреватель масляный;
KOH520H-MG;69477;Климатическая техника;обогреватель масляный;обогреватель масляный;
KOH525FH-LG;69459;Климатическая техника;обогреватель масляный;обогреватель масляный;
KOH525FH-MG;69482;Климатическая техника;обогреватель масляный;обогреватель масляный;
KOH525H-LG;69455;Климатическая техника;обогреватель масляный;обогреватель масляный;
KOH525H-MG;69478;Климатическая техника;обогреватель масляный;обогреватель масляный;
KOH712S-MG;69441;Климатическая техника;обогреватель масляный;обогреватель масляный;не поставляется
KOH715S-MG;69442;Климатическая техника;обогреватель масляный;обогреватель масляный;не поставляется
KOH718S-MG;69444;Климатическая техника;обогреватель масляный;обогреватель масляный;не поставляется
KOH720S-MG;70852;Климатическая техника;обогреватель масляный;обогреватель масляный;не поставляется
KS50A-Wood;65935;Крупно-Бытовая Техника;холодильник;отдельностоящий ;
KS50H-W;65936;Крупно-Бытовая Техника;холодильник;отдельностоящий ;
KS85H-W;65937;Крупно-Бытовая Техника;холодильник;отдельностоящий ;
KSF540J-N;85572;Климатическая техника;вентилятор;встраиваемый;
KSF740J-N;85573;Климатическая техника;вентилятор;вентилятор;
KSF930JHI-W;85574;Климатическая техника;вентилятор;вентилятор;
KSI 17850 CF;86555;Встраиваемая техника;холодильник;встраиваемый;
KSI 17870 CNF;86554;Встраиваемая техника;холодильник;встраиваемый;старая модель
KSI 17875 CNF;133651;Встраиваемая техника;холодильник;встраиваемый;
KSI 8250;86556;Встраиваемая техника;холодильник;встраиваемый;
KSI 8255;86557;Встраиваемая техника;холодильник;встраиваемый;
KSI 8258 F;86558;Встраиваемая техника;морозильник;встраиваемый;
KWH100VS;82670;Климатическая техника;водонагреватель;водонагреватель;
KWH30VS;82667;Климатическая техника;водонагреватель;водонагреватель;
KWH50VS;82668;Климатическая техника;водонагреватель;водонагреватель;
KWH80VS;82669;Климатическая техника;водонагреватель;водонагреватель;
OEG 1052 CRC;87253;Встраиваемая техника;духовой шкаф;газовый;
OEG 1052 CRI;87252;Встраиваемая техника;духовой шкаф;газовый;
OEG 1052 CRN;87251;Встраиваемая техника;духовой шкаф;газовый;
OEG 771 CFN;81990;Встраиваемая техника;духовой шкаф;газовый;
OEG 771 CFX;81997;Встраиваемая техника;духовой шкаф;газовый;
OGG 1052 CRC;87250;Встраиваемая техника;духовой шкаф;газовый;
OGG 1052 CRI;87249;Встраиваемая техника;духовой шкаф;газовый;
OGG 1052 CRN;87247;Встраиваемая техника;духовой шкаф;газовый;
OGG 1052 CRR;87248;Встраиваемая техника;духовой шкаф;газовый;
OGG 540 CFX;81984;Встраиваемая техника;духовой шкаф;газовый;
OGG 741 JX;67047;Встраиваемая техника;духовой шкаф;газовый;не поставляется
OGG 741 RI;67045;Встраиваемая техника;духовой шкаф;газовый;не поставляется
OGG 741 RN;67037;Встраиваемая техника;духовой шкаф;газовый;не поставляется
OGG 742 CRSI;87887;Встраиваемая техника;духовой шкаф;газовый;
OGG 742 CRSN;87886;Встраиваемая техника;духовой шкаф;газовый;
OGG 742 CSX;87888;Встраиваемая техника;духовой шкаф;газовый;
OGG 771 CFN;81999;Встраиваемая техника;духовой шкаф;газовый;
OGG 771 CFW;135570;Встраиваемая техника;духовой шкаф;газовый;
OGG 771 CFX;81998;Встраиваемая техника;духовой шкаф;газовый;
OKB 1082 CRA;87246;Встраиваемая техника;духовой шкаф;электрический;
OKB 1082 CRC;87245;Встраиваемая техника;духовой шкаф;электрический;
OKB 1082 CRI;87244;Встраиваемая техника;духовой шкаф;электрический;
OKB 1082 CRN;87242;Встраиваемая техника;духовой шкаф;электрический;
OKB 1082 CRR;87243;Встраиваемая техника;духовой шкаф;электрический;
OKB 440 CFX;81986;Встраиваемая техника;духовой шкаф;электрический;
OKB 460 CJN;135567;Встраиваемая техника;духовой шкаф;электрический;
"OKB 460 CJW	";135566;Встраиваемая техника;духовой шкаф;электрический;
OKB 4604 CGRN;104308;Встраиваемая техника;духовой шкаф;электрический;
OKB 4604 CRC;104304;Встраиваемая техника;духовой шкаф;электрический;
OKB 4604 CRI;104294;Встраиваемая техника;духовой шкаф;электрический;
OKB 4604 CRN;104295;Встраиваемая техника;духовой шкаф;электрический;
OKB 471 CGRI;104303;Встраиваемая техника;духовой шкаф;электрический;
OKB 471 CGRN;104305;Встраиваемая техника;духовой шкаф;электрический;
OKB 471 CNRC;104293;Встраиваемая техника;духовой шкаф;электрический;
OKB 471 CNRI;104292;Встраиваемая техника;духовой шкаф;электрический;
OKB 471 CNRN;104291;Встраиваемая техника;духовой шкаф;электрический;
OKB 481 CRC;67026;Встраиваемая техника;духовой шкаф;электрический;не поставляется
OKB 481 CRI;67024;Встраиваемая техника;духовой шкаф;электрический;не поставляется
OKB 481 CRN;67020;Встраиваемая техника;духовой шкаф;электрический;не поставляется
OKB 482 CRSB;136520;Встраиваемая техника;духовой шкаф;электрический;
OKB 482 CRSC;87885;Встраиваемая техника;духовой шкаф;электрический;
OKB 482 CRSI;87884;Встраиваемая техника;духовой шкаф;электрический;
OKB 482 CRSN;87883;Встраиваемая техника;духовой шкаф;электрический;
OKB 550 CFX;81982;Встраиваемая техника;духовой шкаф;электрический;
OKB 551 CFX;81987;Встраиваемая техника;духовой шкаф;электрический;
OKB 551 CJX;67028;Встраиваемая техника;духовой шкаф;электрический;не поставляется
OKB 552 CFX;81989;Встраиваемая техника;духовой шкаф;электрический;
OKB 552 MX;66869;Встраиваемая техника;духовой шкаф;электрический;
OKB 571 CJN;135569;Встраиваемая техника;духовой шкаф;электрический;
OKB 571 CJW;135568;Встраиваемая техника;духовой шкаф;электрический;
OKB 582 CSX PRO;136507;Встраиваемая техника;духовой шкаф;электрический;
OKB 592 CFX;81980;Встраиваемая техника;духовой шкаф;электрический;
OKB 752 CFN;81988;Встраиваемая техника;духовой шкаф;электрический;
OKB 752 CFW;81979;Встраиваемая техника;духовой шкаф;электрический;
OKB 752 CFX;82150;Встраиваемая техника;духовой шкаф;электрический;старая модель
OKB 752 CMX;66870;Встраиваемая техника;духовой шкаф;электрический;
OKB 782 CJX;67031;Встраиваемая техника;духовой шкаф;электрический;не поставляется
OKB 792 CFX;81981;Встраиваемая техника;духовой шкаф;электрический;
OKB 792 PFX;81985;Встраиваемая техника;духовой шкаф;электрический;
OKB 793 CMX;66871;Встраиваемая техника;духовой шкаф;электрический;
OKB 9102 CSGB PRO;136598;Встраиваемая техника;духовой шкаф;электрический;
OKB 9102 CSGN PRO;136596;Встраиваемая техника;духовой шкаф;электрический;
OKB 9102 CSGW PRO;136597;Встраиваемая техника;духовой шкаф;электрический;
OKB 9102 CSX PRO;136595;Встраиваемая техника;духовой шкаф;электрический;
OKB 9112 CJN;133589;Встраиваемая техника;духовой шкаф;электрический;
OKB 9112 CJW;87063;Встраиваемая техника;духовой шкаф;электрический;
OKB 9113 CFX;81983;Встраиваемая техника;духовой шкаф;электрический;
OKB 982 CJX;67035;Встраиваемая техника;духовой шкаф;электрический;не поставляется
OKB 993 CMX;66872;Встраиваемая техника;духовой шкаф;электрический;
TR2 FX;85365;Встраиваемая техника;Аксессуары;Телескопические направляющие;
